id,pos_x,pos_y,item_count_0,item_count_1,item_count_2,item_count_3,item_count_4,item_count_5,item_count_6,item_count_7,item_count_8,item_count_9,item_count_10,item_count_11,item_count_12,item_count_13,item_count_14,item_count_15,item_count_16,item_count_17,item_count_18,item_count_19,item_count_20,item_count_21,item_count_22,item_count_23,item_count_24,item_count_25,item_count_26,item_count_27,item_count_28,item_count_29,item_count_30,item_count_31,item_count_32,item_count_33,item_count_34,item_count_35,item_count_36,item_count_37,item_count_38,item_count_39,item_count_40,item_count_41,item_count_42,item_count_43,item_count_44,item_count_45,item_count_46,item_count_47,item_count_48,item_count_49,item_count_50,item_count_51,item_count_52,item_count_53,item_count_54,item_count_55,item_count_56,item_count_57,item_count_58,item_count_59,item_count_60,item_count_61,item_count_62,item_count_63,item_count_64,item_count_65,item_count_66,item_count_67,item_count_68,item_count_69,item_count_70,item_count_71,item_count_72,item_count_73,item_count_74,item_count_75,item_count_76,item_count_77,item_count_78,item_count_79,item_count_80,item_count_81,item_count_82,item_count_83,item_count_84,item_count_85,item_count_86,item_count_87,item_count_88,item_count_89,item_count_90,item_count_91,item_count_92,item_count_93,item_count_94,item_count_95,item_count_96,item_count_97,item_count_98,item_count_99,item_count_100,item_count_101,item_count_102,item_count_103,item_count_104,item_count_105,item_count_106,item_count_107,item_count_108,item_count_109,item_count_110,item_count_111,item_count_112,item_count_113,item_count_114,item_count_115,item_count_116,item_count_117,item_count_118,item_count_119,item_count_120,item_count_121,item_count_122,item_count_123,item_count_124,item_count_125,item_count_126,item_count_127,item_count_128,item_count_129,item_count_130,item_count_131,item_count_132,item_count_133,item_count_134,item_count_135,item_count_136,item_count_137,item_count_138,item_count_139,item_count_140,item_count_141,item_count_142,item_count_143,item_count_144,item_count_145,item_count_146,item_count_147,item_count_148,item_count_149,item_count_150,item_count_151,item_count_152,item_count_153,item_count_154,item_count_155,item_count_156,item_count_157,item_count_158,item_count_159,item_count_160,item_count_161,item_count_162,item_count_163,item_count_164,item_count_165,item_count_166,item_count_167,item_count_168,item_count_169,item_count_170,item_count_171,item_count_172,item_count_173,item_count_174,item_count_175,item_count_176,item_count_177,item_count_178,item_count_179,item_count_180,item_count_181,item_count_182,item_count_183,item_count_184,item_count_185,item_count_186,item_count_187,item_count_188,item_count_189,item_count_190,item_count_191,item_count_192,item_count_193,item_count_194,item_count_195,item_count_196,item_count_197,item_count_198,item_count_199,item_count_200,item_count_201,item_count_202,item_count_203,item_count_204,item_count_205,item_count_206,item_count_207,item_count_208,item_count_209,item_count_210,item_count_211,item_count_212,item_count_213,item_count_214,item_count_215,item_count_216,item_count_217,item_count_218,item_count_219,item_count_220,item_count_221,item_count_222,item_count_223,item_count_224,item_count_225,item_count_226,item_count_227,item_count_228,item_count_229,item_count_230,item_count_231,item_count_232,item_count_233,item_count_234,item_count_235,item_count_236,item_count_237,item_count_238,item_count_239,item_count_240,item_count_241,item_count_242,item_count_243,item_count_244,item_count_245,item_count_246,item_count_247,item_count_248,item_count_249,item_count_250,item_count_251,item_count_252,item_count_253,item_count_254,item_count_255,item_count_256,item_count_257,item_count_258,item_count_259,item_count_260,item_count_261,item_count_262,item_count_263,item_count_264,item_count_265,item_count_266,item_count_267,item_count_268,item_count_269,item_count_270,item_count_271,item_count_272,item_count_273,item_count_274,item_count_275,item_count_276,item_count_277,item_count_278,item_count_279,item_count_280,item_count_281,item_count_282,item_count_283,item_count_284,item_count_285,item_count_286,item_count_287,item_count_288,item_count_289,item_count_290,item_count_291,item_count_292,item_count_293,item_count_294,item_count_295,item_count_296,item_count_297,item_count_298,item_count_299,item_count_300,item_count_301,item_count_302,item_count_303,item_count_304,item_count_305,item_count_306,item_count_307,item_count_308,item_count_309,item_count_310,item_count_311,item_count_312,item_count_313,item_count_314,item_count_315,item_count_316,item_count_317,item_count_318,item_count_319,item_count_320,item_count_321,item_count_322,item_count_323,item_count_324,item_count_325,item_count_326,item_count_327,item_count_328,item_count_329,item_count_330,item_count_331,item_count_332,item_count_333,item_count_334,item_count_335,item_count_336,item_count_337,item_count_338,item_count_339,item_count_340,item_count_341,item_count_342,item_count_343,item_count_344,item_count_345,item_count_346,item_count_347,item_count_348,item_count_349,item_count_350,item_count_351,item_count_352,item_count_353,item_count_354,item_count_355,item_count_356,item_count_357,item_count_358,item_count_359,item_count_360,item_count_361,item_count_362,item_count_363,item_count_364,item_count_365,item_count_366,item_count_367,item_count_368,item_count_369,item_count_370,item_count_371,item_count_372,item_count_373,item_count_374,item_count_375,item_count_376,item_count_377,item_count_378,item_count_379,item_count_380,item_count_381,item_count_382,item_count_383,item_count_384,item_count_385,item_count_386,item_count_387,item_count_388,item_count_389,item_count_390,item_count_391,item_count_392,item_count_393,item_count_394,item_count_395,item_count_396,item_count_397,item_count_398,item_count_399,item_weight_0,item_weight_1,item_weight_2,item_weight_3,item_weight_4,item_weight_5,item_weight_6,item_weight_7,item_weight_8,item_weight_9,item_weight_10,item_weight_11,item_weight_12,item_weight_13,item_weight_14,item_weight_15,item_weight_16,item_weight_17,item_weight_18,item_weight_19,item_weight_20,item_weight_21,item_weight_22,item_weight_23,item_weight_24,item_weight_25,item_weight_26,item_weight_27,item_weight_28,item_weight_29,item_weight_30,item_weight_31,item_weight_32,item_weight_33,item_weight_34,item_weight_35,item_weight_36,item_weight_37,item_weight_38,item_weight_39,item_weight_40,item_weight_41,item_weight_42,item_weight_43,item_weight_44,item_weight_45,item_weight_46,item_weight_47,item_weight_48,item_weight_49,item_weight_50,item_weight_51,item_weight_52,item_weight_53,item_weight_54,item_weight_55,item_weight_56,item_weight_57,item_weight_58,item_weight_59,item_weight_60,item_weight_61,item_weight_62,item_weight_63,item_weight_64,item_weight_65,item_weight_66,item_weight_67,item_weight_68,item_weight_69,item_weight_70,item_weight_71,item_weight_72,item_weight_73,item_weight_74,item_weight_75,item_weight_76,item_weight_77,item_weight_78,item_weight_79,item_weight_80,item_weight_81,item_weight_82,item_weight_83,item_weight_84,item_weight_85,item_weight_86,item_weight_87,item_weight_88,item_weight_89,item_weight_90,item_weight_91,item_weight_92,item_weight_93,item_weight_94,item_weight_95,item_weight_96,item_weight_97,item_weight_98,item_weight_99,item_weight_100,item_weight_101,item_weight_102,item_weight_103,item_weight_104,item_weight_105,item_weight_106,item_weight_107,item_weight_108,item_weight_109,item_weight_110,item_weight_111,item_weight_112,item_weight_113,item_weight_114,item_weight_115,item_weight_116,item_weight_117,item_weight_118,item_weight_119,item_weight_120,item_weight_121,item_weight_122,item_weight_123,item_weight_124,item_weight_125,item_weight_126,item_weight_127,item_weight_128,item_weight_129,item_weight_130,item_weight_131,item_weight_132,item_weight_133,item_weight_134,item_weight_135,item_weight_136,item_weight_137,item_weight_138,item_weight_139,item_weight_140,item_weight_141,item_weight_142,item_weight_143,item_weight_144,item_weight_145,item_weight_146,item_weight_147,item_weight_148,item_weight_149,item_weight_150,item_weight_151,item_weight_152,item_weight_153,item_weight_154,item_weight_155,item_weight_156,item_weight_157,item_weight_158,item_weight_159,item_weight_160,item_weight_161,item_weight_162,item_weight_163,item_weight_164,item_weight_165,item_weight_166,item_weight_167,item_weight_168,item_weight_169,item_weight_170,item_weight_171,item_weight_172,item_weight_173,item_weight_174,item_weight_175,item_weight_176,item_weight_177,item_weight_178,item_weight_179,item_weight_180,item_weight_181,item_weight_182,item_weight_183,item_weight_184,item_weight_185,item_weight_186,item_weight_187,item_weight_188,item_weight_189,item_weight_190,item_weight_191,item_weight_192,item_weight_193,item_weight_194,item_weight_195,item_weight_196,item_weight_197,item_weight_198,item_weight_199,item_weight_200,item_weight_201,item_weight_202,item_weight_203,item_weight_204,item_weight_205,item_weight_206,item_weight_207,item_weight_208,item_weight_209,item_weight_210,item_weight_211,item_weight_212,item_weight_213,item_weight_214,item_weight_215,item_weight_216,item_weight_217,item_weight_218,item_weight_219,item_weight_220,item_weight_221,item_weight_222,item_weight_223,item_weight_224,item_weight_225,item_weight_226,item_weight_227,item_weight_228,item_weight_229,item_weight_230,item_weight_231,item_weight_232,item_weight_233,item_weight_234,item_weight_235,item_weight_236,item_weight_237,item_weight_238,item_weight_239,item_weight_240,item_weight_241,item_weight_242,item_weight_243,item_weight_244,item_weight_245,item_weight_246,item_weight_247,item_weight_248,item_weight_249,item_weight_250,item_weight_251,item_weight_252,item_weight_253,item_weight_254,item_weight_255,item_weight_256,item_weight_257,item_weight_258,item_weight_259,item_weight_260,item_weight_261,item_weight_262,item_weight_263,item_weight_264,item_weight_265,item_weight_266,item_weight_267,item_weight_268,item_weight_269,item_weight_270,item_weight_271,item_weight_272,item_weight_273,item_weight_274,item_weight_275,item_weight_276,item_weight_277,item_weight_278,item_weight_279,item_weight_280,item_weight_281,item_weight_282,item_weight_283,item_weight_284,item_weight_285,item_weight_286,item_weight_287,item_weight_288,item_weight_289,item_weight_290,item_weight_291,item_weight_292,item_weight_293,item_weight_294,item_weight_295,item_weight_296,item_weight_297,item_weight_298,item_weight_299,item_weight_300,item_weight_301,item_weight_302,item_weight_303,item_weight_304,item_weight_305,item_weight_306,item_weight_307,item_weight_308,item_weight_309,item_weight_310,item_weight_311,item_weight_312,item_weight_313,item_weight_314,item_weight_315,item_weight_316,item_weight_317,item_weight_318,item_weight_319,item_weight_320,item_weight_321,item_weight_322,item_weight_323,item_weight_324,item_weight_325,item_weight_326,item_weight_327,item_weight_328,item_weight_329,item_weight_330,item_weight_331,item_weight_332,item_weight_333,item_weight_334,item_weight_335,item_weight_336,item_weight_337,item_weight_338,item_weight_339,item_weight_340,item_weight_341,item_weight_342,item_weight_343,item_weight_344,item_weight_345,item_weight_346,item_weight_347,item_weight_348,item_weight_349,item_weight_350,item_weight_351,item_weight_352,item_weight_353,item_weight_354,item_weight_355,item_weight_356,item_weight_357,item_weight_358,item_weight_359,item_weight_360,item_weight_361,item_weight_362,item_weight_363,item_weight_364,item_weight_365,item_weight_366,item_weight_367,item_weight_368,item_weight_369,item_weight_370,item_weight_371,item_weight_372,item_weight_373,item_weight_374,item_weight_375,item_weight_376,item_weight_377,item_weight_378,item_weight_379,item_weight_380,item_weight_381,item_weight_382,item_weight_383,item_weight_384,item_weight_385,item_weight_386,item_weight_387,item_weight_388,item_weight_389,item_weight_390,item_weight_391,item_weight_392,item_weight_393,item_weight_394,item_weight_395,item_weight_396,item_weight_397,item_weight_398,item_weight_399
0,113,179,0,0,5,1,0,0,0,0,2,0,4,0,0,0,0,8,11,5,0,0,0,4,0,0,0,0,7,0,0,0,0,46,1,6,3,9,3,3,2,0,3,0,1,4,0,3,2,1,3,0,2,0,2,0,0,0,0,9,0,0,2,5,1,4,13,1,0,0,0,0,5,0,16,50,3,0,4,1,0,0,0,5,2,2,0,4,0,0,3,0,0,2,23,0,0,2,10,0,0,7,11,1,0,8,9,0,1,0,0,2,6,6,2,0,6,3,0,0,1,3,5,0,3,2,4,0,3,9,0,2,0,0,2,10,0,0,4,4,2,0,15,0,0,1,4,0,1,0,0,5,6,5,2,0,6,0,0,67,0,0,0,0,0,8,5,0,0,6,59,3,0,0,8,3,0,1,1,1,4,29,3,6,38,0,0,0,7,1,1,4,2,1,0,0,7,0,0,0,0,5,0,7,1,1,1,6,1,0,3,0,8,0,0,0,4,4,7,0,7,9,0,7,0,6,0,4,0,4,0,1,3,0,0,0,0,0,2,8,0,8,3,5,10,6,0,1,2,46,0,11,0,0,4,1,0,1,0,0,0,4,1,0,2,3,0,0,1,0,4,11,8,5,46,0,0,3,54,40,7,0,3,2,0,11,0,3,0,2,2,0,8,2,1,5,6,0,57,8,0,12,7,6,0,0,2,0,0,0,0,0,4,0,0,1,2,0,0,4,1,0,0,0,2,4,0,2,4,2,2,1,3,0,0,0,0,0,0,0,0,0,1,0,3,2,0,3,0,5,5,0,5,0,0,0,0,0,0,0,0,3,8,4,0,0,0,0,0,0,10,0,0,2,0,36,1,5,0,2,5,0,0,15,5,5,0,4,0,1,0,0,3,2,0,2,0,0,11,6,7,0,0,0,420,107,0,0,0,0,72,0,372,0,0,0,0,744,682,245,0,0,0,148,0,0,0,0,280,0,0,0,0,2944,99,222,132,324,312,222,224,0,195,0,50,572,0,78,182,20,426,0,18,0,80,0,0,0,0,1008,0,0,174,445,2,44,1365,43,0,0,0,0,285,0,832,3150,105,0,216,27,0,0,0,185,204,76,0,468,0,0,72,0,0,266,1173,0,0,104,390,0,0,1022,1397,100,0,400,441,0,55,0,0,60,762,378,38,0,186,66,0,0,107,204,260,0,105,76,304,0,63,1296,0,80,0,0,194,700,0,0,300,112,50,0,1215,0,0,99,208,0,72,0,0,105,660,485,60,0,552,0,0,5963,0,0,0,0,0,360,465,0,0,624,2124,165,0,0,360,378,0,132,118,127,500,754,249,414,1862,0,0,0,588,47,75,172,164,43,0,0,826,0,0,0,0,370,0,399,92,23,72,570,76,0,114,0,416,0,0,0,344,100,224,0,273,495,0,476,0,492,0,432,0,152,0,71,66,0,0,0,0,0,104,416,0,808,147,230,1000,312,0,36,106,2070,0,616,0,0,52,29,0,36,0,0,0,44,148,0,148,363,0,0,65,0,128,935,760,130,1978,0,0,234,1350,4000,189,0,159,120,0,275,0,240,0,80,124,0,320,194,105,280,294,0,2052,368,0,96,161,348,0,0,48,0,0,0,0,0,156,0,0,33,116,0,0,136,33,0,0,0,206,416,0,66,472,192,42,18,195,0,0,0,0,0,0,0,0,0,75,0,12,136,0,240,0,455,375,0,370,0,0,0,0,0,0,0,0,132,192,392,0,0,0,0,0,0,580,0,0,90,0,3384,55,220,0,272,315,0,0,1305,320,270,0,276,0,64,0,0,291,162,0,264,0,0,1155,246,364,0
1,234,599,0,0,3,1,1,0,0,0,2,0,6,0,0,0,0,9,4,4,0,0,0,1,0,0,5,0,6,0,50,0,0,0,7,0,2,7,0,2,2,18,0,0,4,3,0,2,4,1,6,0,4,0,8,0,79,0,0,6,0,0,2,2,2,7,4,1,0,0,0,0,4,0,0,0,2,4,0,3,0,0,0,15,0,6,0,1,0,0,4,0,0,1,0,0,0,5,3,0,3,4,6,2,0,0,10,0,5,0,0,2,5,7,3,0,11,0,0,1,2,4,4,0,7,7,3,0,5,11,0,8,0,0,6,6,0,0,10,1,2,0,0,1,0,4,3,0,2,36,0,7,3,4,1,0,4,0,2,0,0,0,0,0,0,10,3,0,0,10,0,2,0,15,6,3,0,3,2,1,1,0,4,4,0,0,0,0,4,1,3,6,0,6,3,0,3,0,0,2,38,2,0,7,2,3,3,6,1,0,4,2,2,47,0,0,5,6,7,0,12,5,0,10,0,0,0,5,0,6,0,3,1,0,0,0,1,0,1,8,0,9,0,9,9,2,0,1,0,0,0,0,0,0,7,5,0,0,0,0,0,0,3,55,8,0,0,0,4,0,5,0,8,0,0,0,0,8,0,0,8,0,4,3,0,7,0,0,0,8,5,0,6,0,2,1,0,0,0,5,0,6,8,4,0,0,1,0,0,0,0,0,0,0,0,0,6,0,10,4,0,0,0,0,3,2,0,2,2,6,3,0,2,0,0,16,0,0,0,0,78,0,1,0,4,0,0,2,0,6,9,36,5,0,0,0,0,0,33,2,0,2,9,4,0,19,0,0,0,0,0,0,64,6,0,0,1,14,0,7,1,0,0,0,8,4,0,5,0,1,0,11,7,9,0,1,0,0,5,7,11,0,0,0,252,107,52,0,0,0,72,0,558,0,0,0,0,837,248,196,0,0,0,37,0,0,360,0,240,0,1600,0,0,0,693,0,88,252,0,148,224,720,0,0,200,429,0,52,364,20,852,0,36,0,320,0,4345,0,0,672,0,0,174,178,4,77,420,43,0,0,0,0,228,0,0,0,70,564,0,81,0,0,0,555,0,228,0,117,0,0,96,0,0,133,0,0,0,260,117,0,192,584,762,200,0,0,490,0,275,0,0,60,635,441,57,0,341,0,0,37,214,272,208,0,245,266,228,0,105,1584,0,320,0,0,582,420,0,0,750,28,50,0,0,72,0,396,156,0,144,3024,0,147,330,388,30,0,368,0,78,0,0,0,0,0,0,450,279,0,0,1040,0,110,0,180,270,378,0,396,236,127,125,0,332,276,0,0,0,0,336,47,225,258,0,258,153,0,354,0,0,4,2014,148,0,399,184,69,216,570,76,0,152,200,104,1598,0,0,430,150,224,0,468,275,0,680,0,0,0,540,0,228,0,213,22,0,0,0,80,0,52,416,0,909,0,414,900,104,0,36,0,0,0,0,0,0,91,145,0,0,0,0,0,0,444,4070,592,0,0,0,260,0,160,0,760,0,0,0,0,624,0,0,216,0,212,180,0,175,0,0,0,320,310,0,240,0,210,56,0,0,0,230,0,48,184,232,0,0,24,0,0,0,0,0,0,0,0,0,348,0,410,136,0,0,0,0,309,208,0,66,236,576,63,0,130,0,0,1456,0,0,0,0,6552,0,75,0,16,0,0,160,0,546,675,1872,370,0,0,0,0,0,3927,116,0,88,216,392,0,1444,0,0,0,0,0,0,4864,270,0,0,55,616,0,952,63,0,0,0,512,216,0,345,0,64,0,616,679,729,0,132,0,0,525,287,572,0
2,195,89,0,0,1,3,0,0,0,36,4,1,2,0,0,0,0,5,6,5,0,0,0,0,0,0,1,0,4,0,0,0,43,0,7,0,3,6,1,1,3,0,0,0,1,2,7,5,1,2,1,64,10,0,2,0,0,18,14,5,0,0,4,5,2,8,4,0,0,0,0,0,2,0,0,0,3,4,2,1,0,0,0,5,0,7,12,3,0,15,3,0,0,1,0,0,0,0,5,0,0,8,11,1,0,0,11,0,1,0,0,2,4,9,2,0,9,2,0,1,3,5,3,0,5,5,4,0,1,9,0,8,0,0,5,7,0,0,4,1,4,0,0,1,0,2,2,0,3,0,0,6,4,6,0,0,9,0,2,0,41,0,0,0,0,7,9,0,10,7,0,1,0,0,8,2,0,3,2,0,1,0,2,1,0,0,0,0,5,1,3,6,1,2,0,28,6,0,0,1,0,2,2,5,3,2,0,2,1,0,1,0,4,0,0,0,4,2,6,0,1,5,0,5,41,1,0,10,0,6,0,1,2,0,0,0,1,0,2,5,0,3,0,8,7,2,0,1,1,0,2,0,1,0,4,3,25,1,0,0,0,3,1,0,6,3,0,0,1,0,4,0,4,0,0,0,0,4,0,0,9,0,3,2,0,6,60,2,0,3,1,0,7,1,1,2,0,0,0,10,0,6,7,3,43,0,2,0,0,0,0,19,1,0,0,2,3,0,0,2,0,19,0,0,4,6,0,1,4,3,4,3,3,0,0,0,30,0,0,0,0,0,1,0,1,3,0,1,0,3,6,0,3,0,0,0,1,0,0,1,28,0,4,6,0,0,0,0,0,0,0,0,0,2,0,0,0,10,0,6,4,0,0,0,6,6,84,0,0,0,72,0,3,0,0,1,0,0,5,5,5,0,0,0,84,321,0,0,0,2664,144,94,186,0,0,0,0,465,372,245,0,0,0,0,0,0,72,0,160,0,0,0,5848,0,693,0,132,216,104,74,336,0,0,0,50,286,161,130,91,40,142,8192,90,0,80,0,0,1872,826,560,0,0,348,445,4,88,420,0,0,0,0,0,114,0,0,0,105,564,108,27,0,0,0,185,0,266,432,351,0,1395,72,0,0,133,0,0,0,0,195,0,0,1168,1397,100,0,0,539,0,55,0,0,60,508,567,38,0,279,44,0,37,321,340,156,0,175,190,304,0,21,1296,0,320,0,0,485,490,0,0,300,28,100,0,0,72,0,198,104,0,216,0,0,126,440,582,0,0,828,0,78,0,2091,0,0,0,0,315,837,0,900,728,0,55,0,0,360,252,0,396,236,0,125,0,166,69,0,0,0,0,420,47,225,258,82,86,0,784,708,0,0,2,0,148,108,285,276,46,0,190,76,0,38,0,208,0,0,0,344,50,192,0,39,275,0,340,4387,82,0,1080,0,228,0,71,44,0,0,0,80,0,104,260,0,303,0,368,700,104,0,36,53,0,102,0,71,0,52,87,450,36,0,0,0,33,148,0,444,363,0,0,65,0,128,0,380,0,0,0,0,312,0,0,243,0,159,120,0,150,4320,160,0,120,62,0,280,97,105,112,0,0,0,460,0,48,161,174,3354,0,48,0,0,0,0,1520,39,0,0,66,174,0,0,68,0,1178,0,0,412,624,0,33,472,288,84,54,195,0,0,0,1830,0,0,0,0,0,75,0,4,204,0,80,0,273,450,0,222,0,0,0,42,0,0,58,448,0,96,588,0,0,0,0,0,0,0,0,0,90,0,0,0,440,0,816,252,0,0,0,384,324,2268,0,0,0,9936,0,291,0,0,132,0,0,525,205,260,0
3,215,207,1,0,4,0,1,0,15,0,2,0,4,0,0,10,0,4,9,4,41,0,7,1,0,0,5,0,11,40,0,0,0,0,6,0,1,8,4,5,3,0,2,0,2,1,0,8,4,3,5,0,4,0,1,0,0,0,0,6,0,0,4,4,3,6,4,2,0,0,0,0,6,0,0,0,5,8,3,3,0,0,42,7,0,5,0,3,0,0,4,0,0,0,0,0,29,0,7,0,0,7,7,1,0,0,7,0,4,0,0,1,4,5,3,0,8,0,0,3,1,5,4,75,7,2,1,0,4,8,0,5,0,0,5,10,0,20,11,0,4,0,0,4,0,1,0,0,1,0,0,8,2,3,0,69,3,0,2,0,0,75,0,0,0,10,11,0,0,6,0,1,0,0,7,2,0,8,2,2,3,0,3,5,0,0,0,0,7,0,3,7,3,1,4,0,2,0,0,2,0,6,2,8,3,2,4,6,5,0,2,0,2,0,0,0,7,1,6,0,4,3,0,7,0,3,36,3,0,6,34,3,1,0,0,47,3,0,0,4,0,5,0,7,6,13,0,3,0,0,1,0,0,0,3,3,0,3,0,0,0,3,2,0,3,1,13,0,1,0,3,0,7,0,0,0,0,4,0,0,7,0,2,2,60,8,0,3,0,5,2,0,10,0,4,5,0,0,0,5,0,14,5,7,0,0,4,0,0,0,22,0,1,11,0,0,7,0,0,0,0,0,0,0,2,4,0,1,5,6,6,2,2,0,0,0,0,0,0,0,0,0,1,9,2,0,0,6,73,4,7,0,9,0,0,0,2,0,0,0,0,0,4,4,0,0,0,0,14,0,0,0,0,5,77,0,0,11,0,3,5,0,42,0,8,4,0,2,0,1,0,0,3,4,0,3,0,0,6,5,8,0,73,0,336,0,52,0,195,0,72,0,372,0,0,240,0,372,558,196,3977,0,560,37,0,0,360,0,440,2960,0,0,0,0,594,0,44,288,416,370,336,0,130,0,100,143,0,208,364,60,710,0,36,0,40,0,0,0,0,672,0,0,348,356,6,66,420,86,0,0,0,0,342,0,0,0,175,1128,162,81,0,0,882,259,0,190,0,351,0,0,96,0,0,0,0,0,986,0,273,0,0,1022,889,100,0,0,343,0,220,0,0,30,508,315,57,0,248,0,0,111,107,340,208,4575,245,76,76,0,84,1152,0,200,0,0,485,700,0,1900,825,0,100,0,0,288,0,99,0,0,72,0,0,168,220,291,0,2967,276,0,78,0,0,2250,0,0,0,450,1023,0,0,624,0,55,0,0,315,252,0,1056,236,254,375,0,249,345,0,0,0,0,588,0,225,301,246,43,204,0,236,0,0,4,0,444,108,456,276,46,288,570,380,0,76,0,104,0,0,0,602,25,192,0,156,165,0,476,0,246,3492,324,0,228,2992,213,22,0,0,1739,240,0,0,208,0,505,0,322,600,676,0,108,0,0,51,0,0,0,39,87,0,108,0,0,0,33,296,0,222,121,143,0,65,0,96,0,665,0,0,0,0,312,0,0,189,0,106,120,6000,200,0,240,0,200,124,0,400,0,420,280,0,0,0,230,0,112,115,406,0,0,96,0,0,0,1870,0,39,374,0,0,406,0,0,0,0,0,0,0,206,416,0,33,590,576,126,36,130,0,0,0,0,0,0,0,0,0,75,288,8,0,0,480,5694,364,525,0,666,0,0,0,84,0,0,0,0,0,96,392,0,0,0,0,1568,0,0,0,0,225,3157,0,0,484,0,408,315,0,3612,0,512,216,0,138,0,64,0,0,291,324,0,396,0,0,630,205,416,0
4,220,326,1,0,6,1,2,0,0,0,2,1,6,13,0,0,0,2,9,6,0,0,0,1,0,0,1,0,8,0,0,0,0,0,8,0,1,9,1,0,5,0,1,0,1,4,0,6,3,1,1,0,5,0,4,0,0,0,0,7,0,13,2,3,2,10,6,0,0,0,0,0,3,0,0,0,4,5,3,3,39,0,0,6,3,3,0,4,56,0,3,0,0,2,0,0,0,2,5,0,0,8,7,1,0,0,6,0,0,0,0,0,4,5,7,0,6,1,0,2,0,2,5,0,3,1,1,0,3,11,0,7,0,0,1,7,0,0,8,1,5,40,0,1,0,0,2,0,2,0,0,8,4,1,2,0,7,16,1,0,0,0,0,0,51,5,8,0,0,6,0,2,0,0,6,1,0,4,0,0,1,0,2,2,0,0,0,50,1,0,0,9,3,5,2,0,6,0,0,1,0,1,2,8,2,5,5,6,1,0,7,1,6,0,0,3,6,1,11,0,8,7,0,9,0,5,0,4,18,4,0,4,3,0,0,0,0,0,3,8,0,3,0,1,13,5,0,2,1,0,4,0,0,0,7,2,0,2,0,0,0,4,2,0,8,0,0,0,0,0,3,0,12,0,0,26,0,3,0,0,12,0,3,3,0,7,0,3,0,13,2,0,13,3,1,6,0,0,0,8,0,5,3,3,0,0,1,0,31,0,0,0,0,0,0,3,5,0,0,2,1,0,0,0,3,4,0,0,1,3,1,0,1,0,0,0,0,0,0,0,0,0,1,0,6,1,0,2,0,5,9,0,5,0,21,0,0,0,0,1,0,1,8,4,0,0,0,0,0,0,0,0,0,3,0,0,4,9,0,2,5,0,0,0,4,1,0,1,0,0,0,0,3,0,0,3,25,0,2,2,6,0,73,0,504,107,104,0,0,0,72,94,558,598,0,0,0,186,558,294,0,0,0,37,0,0,72,0,320,0,0,0,0,0,792,0,44,324,104,0,560,0,65,0,50,572,0,156,273,20,142,0,45,0,160,0,0,0,0,784,0,897,174,267,4,110,630,0,0,0,0,0,171,0,0,0,140,705,162,81,1755,0,0,222,306,114,0,468,3192,0,72,0,0,266,0,0,0,104,195,0,0,1168,889,100,0,0,294,0,0,0,0,0,508,315,133,0,186,22,0,74,0,136,260,0,105,38,76,0,63,1584,0,280,0,0,97,490,0,0,600,28,125,1600,0,72,0,0,104,0,144,0,0,168,440,97,60,0,644,1744,39,0,0,0,0,0,663,225,744,0,0,624,0,110,0,0,270,126,0,528,0,0,125,0,166,138,0,0,0,3150,84,0,0,387,246,215,102,0,708,0,0,2,0,74,108,456,184,115,360,570,76,0,266,100,312,0,0,222,516,25,352,0,312,385,0,612,0,410,0,432,1026,152,0,284,66,0,0,0,0,0,156,416,0,303,0,46,1300,260,0,72,53,0,204,0,0,0,91,58,0,72,0,0,0,44,296,0,592,0,0,0,0,0,96,0,1140,0,0,3198,0,234,0,0,324,0,159,180,0,175,0,240,0,520,124,0,520,291,105,336,0,0,0,368,0,40,69,174,0,0,24,0,2077,0,0,0,0,0,0,99,290,0,0,68,33,0,0,0,309,416,0,0,118,288,21,0,65,0,0,0,0,0,0,0,0,0,75,0,24,68,0,160,0,455,675,0,370,0,672,0,0,0,0,58,0,44,192,392,0,0,0,0,0,0,0,0,0,135,0,0,220,396,0,272,315,0,0,0,256,54,0,69,0,0,0,0,291,0,0,396,1600,0,210,82,312,0
5,182,193,0,16,3,0,1,0,0,0,5,0,3,0,0,0,0,6,8,2,0,0,0,3,0,19,2,0,9,0,0,0,0,0,3,0,0,9,2,3,3,0,3,0,0,5,0,5,5,3,2,0,4,0,6,0,0,0,0,12,0,0,5,3,2,7,9,1,0,0,0,0,1,66,0,0,1,6,6,2,0,0,0,7,1,5,0,3,0,0,2,0,0,0,0,0,0,1,11,0,1,9,6,1,0,0,10,0,2,0,0,1,3,6,2,63,8,0,0,1,0,3,3,0,5,1,1,0,1,8,0,8,0,0,6,12,0,0,11,3,5,0,0,4,0,0,4,0,1,0,0,6,4,5,1,0,7,0,1,0,0,0,0,0,0,8,6,0,0,3,0,1,0,0,8,2,0,3,3,2,2,0,5,1,0,49,74,0,5,1,3,3,5,2,2,0,7,0,36,3,0,2,2,8,0,3,2,8,1,0,5,1,3,0,17,0,1,2,6,0,7,3,0,7,0,1,0,6,0,2,0,1,3,0,12,0,0,0,1,10,0,7,0,7,6,5,40,2,0,0,1,0,1,0,3,2,0,1,0,0,0,1,1,0,0,1,0,0,3,0,5,0,7,0,0,0,0,3,0,0,6,0,1,2,0,7,0,5,82,6,6,0,3,0,4,2,0,0,0,9,0,7,4,4,0,0,3,0,0,0,0,0,1,0,0,1,6,0,0,1,0,0,0,0,5,3,0,1,0,3,5,1,1,0,0,0,0,0,0,0,0,16,1,0,4,0,48,2,0,3,4,0,6,0,0,0,2,0,0,1,0,2,16,2,0,0,53,0,0,0,0,0,0,6,0,0,3,6,34,5,1,0,0,0,8,5,0,0,0,1,0,0,2,2,0,1,0,33,5,9,5,0,0,640,252,0,52,0,0,0,180,0,279,0,0,0,0,558,496,98,0,0,0,111,0,475,144,0,360,0,0,0,0,0,297,0,0,324,208,222,336,0,195,0,0,715,0,130,455,60,284,0,36,0,240,0,0,0,0,1344,0,0,435,267,4,77,945,43,0,0,0,0,57,2640,0,0,35,846,324,54,0,0,0,259,102,190,0,351,0,0,48,0,0,0,0,0,0,52,429,0,64,1314,762,100,0,0,490,0,110,0,0,30,381,378,38,3717,248,0,0,37,0,204,156,0,175,38,76,0,21,1152,0,320,0,0,582,840,0,0,825,84,125,0,0,288,0,0,208,0,72,0,0,126,440,485,30,0,644,0,39,0,0,0,0,0,0,360,558,0,0,312,0,55,0,0,360,252,0,396,354,254,250,0,415,69,0,1911,296,0,420,47,225,129,410,86,102,0,826,0,1512,6,0,148,108,456,0,69,144,760,76,0,190,100,156,0,986,0,86,50,192,0,273,165,0,476,0,82,0,648,0,76,0,71,66,0,756,0,0,0,52,520,0,707,0,322,600,260,2520,72,0,0,51,0,71,0,39,58,0,36,0,0,0,11,148,0,0,121,0,0,195,0,160,0,665,0,0,0,0,234,0,0,162,0,53,120,0,175,0,400,6806,240,372,0,120,0,420,112,0,0,0,414,0,56,92,232,0,0,72,0,0,0,0,0,39,0,0,33,348,0,0,34,0,0,0,0,515,312,0,33,0,288,105,18,65,0,0,0,0,0,0,0,0,560,75,0,16,0,1776,160,0,273,300,0,444,0,0,0,84,0,0,58,0,88,384,196,0,0,848,0,0,0,0,0,0,270,0,0,165,264,1734,680,63,0,0,0,512,270,0,0,0,64,0,0,194,162,0,132,0,3762,525,369,260,0
6,75,418,1,0,6,0,1,0,0,0,10,0,3,0,0,0,0,4,11,6,0,0,0,1,0,0,2,0,12,0,0,0,0,0,2,0,2,6,4,6,2,0,3,0,1,7,0,2,2,3,8,0,5,35,0,29,0,0,0,5,0,0,5,3,1,8,6,0,0,0,0,0,4,0,0,0,0,4,6,0,0,16,0,12,1,1,0,4,0,0,4,31,46,2,0,0,0,3,11,0,0,1,4,2,0,0,5,0,2,93,0,2,3,5,4,0,7,4,0,2,3,5,4,0,8,4,1,0,5,13,0,10,0,0,6,10,0,0,6,0,3,0,0,2,70,1,1,0,2,0,0,9,5,2,2,0,11,0,0,0,0,0,0,0,0,8,7,0,0,6,0,3,17,0,7,2,26,1,0,1,2,0,1,3,0,0,0,0,7,0,2,5,1,2,2,0,7,41,0,6,0,5,2,5,1,7,3,4,1,0,4,1,2,0,0,0,6,5,11,7,5,10,0,6,0,2,0,5,0,5,0,0,2,22,0,0,0,0,0,5,47,2,0,1,9,7,0,2,0,0,2,0,0,0,7,1,0,4,0,0,0,3,4,0,9,1,0,0,0,0,1,0,12,0,0,0,9,9,0,0,13,0,4,2,0,10,0,2,0,2,3,0,4,0,2,8,0,0,0,7,0,9,4,6,0,0,0,21,0,0,0,0,1,0,0,1,5,0,0,2,0,0,0,11,2,3,0,0,5,1,8,2,4,0,0,0,0,64,0,0,0,0,0,0,3,7,0,4,0,4,11,0,8,0,0,0,2,0,0,1,0,2,11,6,98,0,0,44,0,0,0,0,0,2,0,0,2,8,0,2,3,0,0,0,6,5,0,2,0,2,0,0,3,6,0,2,0,0,5,5,5,60,73,0,504,0,52,0,0,0,360,0,279,0,0,0,0,372,682,294,0,0,0,37,0,0,144,0,480,0,0,0,0,0,198,0,88,216,416,444,224,0,195,0,50,1001,0,52,182,60,1136,0,45,2695,0,754,0,0,0,560,0,0,435,267,2,88,630,0,0,0,0,0,228,0,0,0,0,564,324,0,0,592,0,444,102,38,0,468,0,0,96,1612,3818,266,0,0,0,156,429,0,0,146,508,200,0,0,245,0,110,11439,0,60,381,315,76,0,217,88,0,74,321,340,208,0,280,152,76,0,105,1872,0,400,0,0,582,700,0,0,450,0,75,0,0,144,4060,99,52,0,144,0,0,189,550,194,60,0,1012,0,0,0,0,0,0,0,0,360,651,0,0,624,0,165,1564,0,315,252,1898,132,0,127,250,0,83,207,0,0,0,0,588,0,150,215,82,86,102,0,826,4510,0,12,0,370,108,285,92,161,216,380,76,0,152,100,104,0,0,0,516,125,352,427,195,550,0,408,0,164,0,540,0,190,0,0,44,880,0,0,0,0,0,260,3149,202,0,46,900,364,0,72,0,0,102,0,0,0,91,29,0,144,0,0,0,33,592,0,666,121,0,0,0,0,32,0,1140,0,0,0,729,702,0,0,351,0,212,120,0,250,0,160,0,80,186,0,160,0,210,448,0,0,0,322,0,72,92,348,0,0,0,1638,0,0,0,0,39,0,0,33,290,0,0,68,0,0,0,869,206,312,0,0,590,96,168,36,260,0,0,0,0,3456,0,0,0,0,0,0,12,476,0,320,0,364,825,0,592,0,0,0,84,0,0,58,0,88,264,588,11858,0,0,2464,0,0,0,0,0,90,0,0,110,352,0,272,189,0,0,0,384,270,0,138,0,128,0,0,291,486,0,264,0,0,525,205,260,3600
7,228,140,0,0,6,0,0,0,0,0,5,0,5,0,0,0,0,6,8,4,0,38,0,1,0,0,5,0,6,0,0,0,0,0,5,0,2,11,1,3,2,0,2,0,1,2,0,3,4,6,4,0,5,0,4,0,0,0,0,7,0,0,4,3,3,6,2,2,0,0,53,0,6,0,0,0,0,2,5,1,0,0,0,3,0,8,0,6,0,0,1,0,0,0,0,18,0,4,9,64,2,6,7,0,0,0,6,56,3,0,49,2,2,3,3,0,5,2,0,0,2,7,5,0,3,2,3,0,2,10,0,10,0,0,8,10,3,0,8,0,4,0,0,1,0,1,1,54,2,0,0,11,2,2,1,0,3,0,1,0,0,0,0,0,0,7,3,0,0,10,0,4,0,0,5,2,0,4,0,4,2,0,1,3,0,0,0,0,1,0,1,10,2,5,4,0,1,0,0,1,0,4,4,9,1,4,3,3,2,0,2,2,7,0,0,0,11,1,8,0,7,7,89,11,0,7,0,4,0,3,0,2,1,0,0,0,0,0,1,6,0,7,0,6,7,3,0,2,1,0,2,0,1,0,1,3,0,2,0,0,0,3,5,0,5,2,0,0,1,0,5,0,5,0,0,0,0,1,0,0,10,0,2,2,0,14,0,4,0,7,6,51,4,0,1,5,0,0,0,5,0,11,6,6,0,0,0,0,0,0,0,0,1,0,0,4,9,0,0,0,0,0,36,0,4,5,0,0,4,0,2,1,1,11,40,0,0,0,21,0,0,0,4,0,2,2,0,4,0,3,6,0,12,0,0,0,1,0,0,1,0,2,9,1,0,0,0,0,0,0,0,0,0,8,0,0,4,5,0,8,1,0,0,0,14,7,0,1,0,2,0,0,2,1,61,1,0,0,8,6,9,0,0,0,504,0,0,0,0,0,180,0,465,0,0,0,0,558,496,196,0,3876,0,37,0,0,360,0,240,0,0,0,0,0,495,0,88,396,104,222,224,0,130,0,50,286,0,78,364,120,568,0,45,0,160,0,0,0,0,784,0,0,348,267,6,66,210,86,0,0,1113,0,342,0,0,0,0,282,270,27,0,0,0,111,0,304,0,702,0,0,24,0,0,0,0,1836,0,208,351,3456,128,876,889,0,0,0,294,2240,165,0,3136,60,254,189,57,0,155,44,0,0,214,476,260,0,105,76,228,0,42,1440,0,400,0,0,776,700,222,0,600,0,100,0,0,72,0,99,52,270,144,0,0,231,220,194,30,0,276,0,39,0,0,0,0,0,0,315,279,0,0,1040,0,220,0,0,225,252,0,528,0,508,250,0,83,207,0,0,0,0,84,0,75,430,164,215,204,0,118,0,0,2,0,296,216,513,92,92,216,285,152,0,76,200,364,0,0,0,946,25,256,0,273,385,6764,748,0,574,0,432,0,114,0,142,22,0,0,0,0,0,52,312,0,707,0,276,700,156,0,72,53,0,102,0,71,0,13,87,0,72,0,0,0,33,740,0,370,242,0,0,65,0,160,0,475,0,0,0,0,78,0,0,270,0,106,120,0,350,0,320,0,280,372,2703,160,0,105,280,0,0,0,230,0,88,138,348,0,0,0,0,0,0,0,0,39,0,0,132,522,0,0,0,0,0,4644,0,412,520,0,0,472,0,42,18,65,1540,3480,0,0,0,2877,0,0,0,300,0,8,136,0,320,0,273,450,0,888,0,0,0,42,0,0,58,0,88,216,98,0,0,0,0,0,0,0,0,0,360,0,0,220,220,0,1088,63,0,0,0,896,378,0,69,0,128,0,0,194,81,2440,132,0,0,840,246,468,0
8,310,26,1,0,8,1,0,33,0,0,1,1,6,0,0,0,0,3,11,0,0,0,0,6,17,0,2,0,10,0,0,0,0,0,11,0,3,5,3,1,5,0,2,69,2,3,0,5,0,2,2,0,3,0,6,0,0,0,0,5,0,0,3,3,3,7,9,0,78,32,0,0,1,0,0,0,0,5,1,0,0,0,0,7,1,5,0,4,0,0,1,0,0,1,0,0,0,1,6,0,0,6,8,3,16,0,12,0,3,0,0,1,4,5,5,0,15,1,0,1,5,5,3,0,3,1,2,52,4,7,0,7,67,13,3,5,0,0,6,1,2,0,0,4,0,0,1,0,3,0,3,7,2,4,0,0,6,0,1,0,0,0,0,67,0,8,8,19,0,6,0,1,0,0,7,0,0,2,0,1,3,0,0,4,0,0,0,0,5,4,2,5,3,1,1,0,5,0,0,0,0,1,2,6,0,4,1,4,3,0,1,0,4,0,0,0,3,4,5,0,7,4,0,10,0,6,0,4,0,3,0,0,1,0,0,0,1,0,3,9,0,8,0,1,4,4,0,2,1,0,1,0,1,0,6,4,0,3,0,61,9,10,3,0,3,0,0,0,3,54,6,0,10,0,0,0,0,4,0,0,10,23,2,4,0,4,0,5,0,6,3,0,5,1,1,4,0,0,0,3,19,4,1,6,0,0,2,0,0,28,0,0,1,0,53,1,3,34,0,1,1,0,0,0,5,2,29,0,4,1,4,1,2,0,0,0,0,0,0,0,0,0,2,0,0,2,0,3,0,3,9,0,10,8,0,0,1,48,0,2,0,1,6,3,0,0,0,0,0,42,0,0,0,7,0,0,2,9,0,5,0,0,0,0,7,7,0,1,0,2,0,0,4,3,0,1,0,0,11,6,13,0,73,0,672,107,0,1188,0,0,36,94,558,0,0,0,0,279,682,0,0,0,0,222,374,0,144,0,400,0,0,0,0,0,1089,0,132,180,312,74,560,0,130,4623,100,429,0,130,0,40,284,0,27,0,240,0,0,0,0,560,0,0,261,267,6,77,945,0,8190,736,0,0,57,0,0,0,0,705,54,0,0,0,0,259,102,190,0,468,0,0,24,0,0,133,0,0,0,52,234,0,0,876,1016,300,928,0,588,0,165,0,0,30,508,315,95,0,465,22,0,37,535,340,156,0,105,38,152,2288,84,1008,0,280,7035,624,291,350,0,0,450,28,50,0,0,288,0,0,52,0,216,0,159,147,220,388,0,0,552,0,39,0,0,0,0,6298,0,360,744,1786,0,624,0,55,0,0,315,0,0,264,0,127,375,0,0,276,0,0,0,0,420,188,150,215,246,43,51,0,590,0,0,0,0,74,108,342,0,92,72,380,228,0,38,0,208,0,0,0,258,100,160,0,273,220,0,680,0,492,0,432,0,114,0,0,22,0,0,0,80,0,156,468,0,808,0,46,400,208,0,72,53,0,51,0,71,0,78,116,0,108,0,5246,351,110,444,0,222,0,0,0,195,4266,192,0,950,0,0,0,0,312,0,0,270,2070,106,240,0,100,0,400,0,240,186,0,200,97,105,224,0,0,0,138,1520,32,23,348,0,0,48,0,0,1736,0,0,39,0,3286,33,174,4420,0,34,33,0,0,0,515,208,1624,0,472,96,84,18,130,0,0,0,0,0,0,0,0,0,150,0,0,136,0,240,0,273,675,0,740,768,0,0,42,3744,0,116,0,44,144,294,0,0,0,0,0,2814,0,0,0,315,0,0,110,396,0,680,0,0,0,0,448,378,0,69,0,128,0,0,388,243,0,132,0,0,1155,246,676,0
9,297,423,1,0,4,2,0,0,0,0,6,0,9,0,23,0,40,3,7,0,0,0,0,2,0,0,1,16,3,0,0,25,0,0,5,0,2,7,2,2,3,0,2,0,3,2,0,3,3,3,3,0,8,0,10,0,0,0,0,4,43,0,4,4,3,11,4,1,0,0,0,11,4,0,0,0,3,6,4,2,0,0,0,3,0,3,0,6,0,0,3,0,0,1,0,0,0,1,6,0,1,5,7,1,0,0,12,0,7,0,0,7,3,1,8,0,6,1,46,0,1,2,3,0,5,1,1,0,2,8,16,10,0,0,6,12,0,0,8,0,5,0,0,1,0,0,1,0,1,0,0,0,4,7,2,0,8,0,0,0,0,0,85,0,0,4,5,0,0,4,0,3,0,0,3,2,0,6,1,2,0,0,0,5,0,0,0,0,3,0,4,8,1,2,2,0,2,0,0,4,0,2,0,7,0,3,1,7,0,5,2,2,4,0,0,0,7,2,13,0,5,4,0,6,0,2,0,7,0,4,0,4,3,0,0,0,2,36,2,7,0,2,0,8,8,5,0,0,0,0,0,0,1,37,1,6,0,5,25,0,0,4,1,0,9,4,0,45,2,0,4,0,9,0,0,0,0,3,0,0,6,0,1,1,0,7,0,2,0,6,2,0,3,2,0,3,0,14,0,7,0,4,5,8,0,57,1,0,0,0,0,0,1,0,0,3,4,0,0,1,1,0,0,0,2,5,0,0,2,1,7,1,2,0,0,0,0,0,0,41,0,0,1,0,5,3,0,3,0,6,9,0,8,0,0,38,2,0,0,0,0,5,6,4,0,0,0,0,0,0,0,22,0,6,0,0,4,6,0,4,2,24,0,0,8,4,0,1,36,0,0,0,3,6,0,2,0,0,7,5,6,0,73,0,336,214,0,0,0,0,216,0,837,0,2829,0,4000,279,434,0,0,0,0,74,0,0,72,768,120,0,0,775,0,0,495,0,88,252,208,148,336,0,130,0,150,286,0,78,273,60,426,0,72,0,400,0,0,0,0,448,1806,0,348,356,6,121,420,43,0,0,0,968,228,0,0,0,105,846,216,54,0,0,0,111,0,114,0,702,0,0,72,0,0,133,0,0,0,52,234,0,64,730,889,100,0,0,588,0,385,0,0,210,381,63,152,0,186,22,3128,0,107,136,156,0,175,38,76,0,42,1152,336,400,0,0,582,840,0,0,600,0,125,0,0,72,0,0,52,0,72,0,0,0,440,679,60,0,736,0,0,0,0,0,8670,0,0,180,465,0,0,416,0,165,0,0,135,252,0,792,118,254,0,0,0,345,0,0,0,0,252,0,300,344,82,86,102,0,236,0,0,8,0,148,0,399,0,69,72,665,0,175,76,200,208,0,0,0,602,50,416,0,195,220,0,408,0,164,0,756,0,152,0,284,66,0,0,0,160,1836,104,364,0,202,0,368,800,260,0,0,0,0,0,0,71,1850,13,174,0,180,2175,0,0,44,148,0,666,484,0,1260,130,0,128,0,855,0,0,0,0,234,0,0,162,0,53,60,0,175,0,160,0,240,124,0,120,194,0,168,0,1400,0,322,0,32,115,464,0,3306,24,0,0,0,0,0,39,0,0,99,232,0,0,34,33,0,0,0,206,520,0,0,236,96,147,18,130,0,0,0,0,0,0,2911,0,0,75,0,20,204,0,240,0,546,675,0,592,0,0,3230,84,0,0,0,0,220,144,392,0,0,0,0,0,0,0,1012,0,270,0,0,220,264,0,544,126,816,0,0,512,216,0,69,1116,0,0,0,291,486,0,264,0,0,735,205,312,0
